{"valid_psnr":38.39292331308749,"valid_loss":0.042989212274551394,"train_loss":0.06524933104713758,"_wandb":{"runtime":60},"test_ssim":0.9976335560161121,"_runtime":60.357161783,"best_epoch":39,"test_lr":0.002,"final_lr":0.002,"_step":39,"train_lr":0.002,"valid_lr":0.002,"valid_ssim":0.9974300038612202,"test_loss":0.04189587519927458,"validation_visualization":{"size":117351,"path":"media/images/validation_visualization_39_338870fb7f3d4fba27d7.png","format":"png","width":3424,"height":895,"caption":"Epoch 39 Validation Sample","_type":"image-file","sha256":"338870fb7f3d4fba27d7b3f3b90b6a803f8a717ab342e2ae7eb4cd8f59ac2730"},"test_psnr":38.2935437149739,"_timestamp":1.7598279252881951e+09,"valid_mse":0.0063530499736468,"test_mse":0.006240418858148835,"test_relative_l2":0.06914009695703333,"valid_relative_l2":0.07132142285505931,"test_rmse":0.07899587086655876,"valid_rmse":0.07946004470189412,"valid_mae":0.03256179951131344,"test_mae":0.032761087133125824}