{"train_lr":0.002,"_wandb":{"runtime":5},"_runtime":5.262371195,"_timestamp":1.7598263766459022e+09,"_step":4,"train_loss":0.47238149245580036}