{"test_relative_l2":0.11407309553839944,"_wandb":{"runtime":37},"train_loss":0.13619775772094728,"valid_lr":0.002,"valid_loss":0.09617213557163874,"valid_mse":0.018822331726551057,"test_lr":0.002,"test_mse":0.01703813218257644,"valid_psnr":33.814599389621776,"test_psnr":34.522155208074075,"_runtime":37.483156429,"test_mae":0.0686716151508418,"valid_mae":0.07491520891586939,"valid_rmse":0.1370908200740814,"test_loss":0.08667373738505624,"valid_ssim":0.9913636277128677,"train_lr":0.002,"_timestamp":1.759827740606257e+09,"final_lr":0.002,"_step":39,"test_rmse":0.13046799735589462,"test_ssim":0.9893709550301408,"valid_relative_l2":0.12293794552485147,"best_epoch":24,"validation_visualization":{"width":3411,"height":895,"caption":"Epoch 39 Validation Sample","_type":"image-file","sha256":"d3f03a23a8e3cb8129acb4167a4e51582039dfc5dc3c7c2baf6ec12e2d5db2a1","size":116360,"path":"media/images/validation_visualization_39_d3f03a23a8e3cb8129ac.png","format":"png"}}